{"cameraMode":{"drawMode":0,"name":"Shaded","section":"Shading Mode"},"sceneLighting":false,"audioPlay":false,"sceneViewState":{"showFog":true,"showMaterialUpdate":true,"showSkybox":true,"showFlares":true,"showImageEffects":true,"showParticleSystems":true},"in2DMode":false,"pivot":{"x":0.06319443881511688,"y":0.1300329566001892,"z":1.8160440921783448},"rotation":{"x":0.5331918597221375,"y":-0.12461117655038834,"z":0.07976631820201874,"w":0.832956075668335},"size":2.1487488746643068,"orthographic":true}